,Putere discriminare,P_Values
Temperature,4.642787244536138,0.0017284564365709354
L,15.540625711935412,8.489673075651183e-09
R,93.37624871943888,1.1102230246251565e-16
A_M,148.58451561661568,1.1102230246251565e-16
Spectral_Class,8.827467938922327,7.340749835771376e-06
