Variabila discriminanta,Putere discriminare (F-value),P_Value
z1,646.0260554817341,1.1102230246251565e-16
z2,314.69604741566866,1.1102230246251565e-16
z3,14.471006929268661,6.027389698459729e-11
z4,9.093527989581187,2.725492742605695e-07
z5,5.816869806269028,8.102766494055835e-05
