,Putere discriminare,P_Values
age,230.67616572477894,1.1102230246251565e-16
avg_glucose_level,55.46684791660181,1.184607967275042e-13
bmi,3.792121007167852,0.05157255036682107
hypertension,64.46478247618458,1.3322676295501878e-15
