,Putere discriminare,P_Values
Temperature,15.917838713433216,9.621192731401607e-13
L,59.834144494480526,1.1102230246251565e-16
R,596.5086049733853,1.1102230246251565e-16
A_M,901.0638569623617,1.1102230246251565e-16
