,Putere discriminare,P_Values
age,208.02547482818156,1.1102230246251565e-16
avg_glucose_level,63.06174513907222,2.6645352591003757e-15
hypertension,47.690472217599215,5.881850562161617e-12
